Star ID,Name
1,A. Muthu
2,A.K. Hangal
3,A.L. Vijay
4,A.R. Murugadoss
5,A.S. Ravindra Babu
6,Aahana Kumra
7,Aamir Ali
8,Aamir Bashir
9,Aamir Khan
10,Aamna Sharif
11,Aanaahad
12,Aanand L. Rai
13,Aanand Raut
14,Aanchal Anand
15,Aanchal Dwivedi
16,Aarif Sheikh
17,Aarnaa Sharma
18,Aarthi Agarwal
19,Aarti Chhabria
20,Aarun D. Baliean
21,Aarya Dange
22,Aaryaan Saxena
23,Aashi Rawal
24,Aashish Bhatt
25,Aashish Chaudhary
26,Aatish Kapadia
27,Aban Raza
28,Abbas
29,Abbas Alibhai Burmawalla
30,Abbas Tyrewala
31,Abhay Bhargava
32,Abhay Chhabra
33,Abhay Chopra
34,Abhay Deol
35,Abhijit Panse
36,Abhimanyu Singh
37,Abhinav Kashyap
38,Abhinay Deo
39,Abhisek Pandey
40,Abhishek Bachchan
41,Abhishek Bardia
42,Abhishek Bharate
43,Abhishek Bindal
44,Abhishek Brahmachari
45,Abhishek Chaubey
46,Abhishek Chhadha
47,Abhishek Dixit
48,Abhishek Dogra
49,Abhishek Kapoor
50,Abhishek Panchal
51,Abhishek Reddy
52,Abhishek Sharma
53,Abhishek Varman
54,Abhishk Soni
55,Abhro Banerjee
56,Abigail Eames
57,Acchui
58,Adah Sharma
59,Adarsh Gourav
60,Adarsh Jain
61,Adeeb Rais
62,Adeep Singh
63,Adesh Prasad
64,Adhvik Mahajan
65,Adhyayan Suman
66,Adi Irani
67,Adil Feroz Khan
68,Adil Hussain
69,Aditi Charak
70,Aditi Govitrikar
71,Aditi Rao Hydari
72,Aditi Sharma
73,Aditi Vasudev
74,Aditya Bal
75,Aditya Bhattacharya
76,Aditya Chopra
77,Aditya Datt
78,Aditya Dhar
79,Aditya Kumar
80,Aditya Lakhia
81,Aditya Om
82,Aditya Pancholi
83,Aditya Roy Kapoor
84,Aditya Sarpotdar
85,Aditya Seal
86,Aditya Srivastav
87,Adityansh
88,Advait Chandan
89,Adyasha
90,Aftab Shivdasani
91,Afzal Ahmad
92,Afzal Khan
93,Agneya Singh
94,Aham Sharma
95,Ahishor Solomon
96,Ahmed Chaudhary
97,Ahmed Khan
98,Ahsaas Channa
99,Aijaz Khan
100,Aisha Ahmed
101,Aisha Sharma
102,Aishwarya
103,Aishwarya Devan
104,Aishwarya Rai Bachchan
105,Aishwarya Rajesh
106,Aitreeka Ghosh
107,Ajai Sinha
108,Ajay Bahl
109,Ajay Bhuyan
110,Ajay Chandhok
111,Ajay Chaudhary
112,Ajay Devgn
113,Ajay Dubey
114,Ajay K Saklani
115,Ajay Kanchan
116,Ajay Kumar
117,Ajay Kumar Singh
118,Ajay Naidu
119,Ajay Pannalal
120,Ajay Phansekar
121,Ajay Yadav
122,Ajit Pal Mangat
123,Ajit Sinha
124,Akanksha Malhotra
125,Akanksha Puri
126,Akansha
127,Akarsh Khurana
128,Akash
129,Akash Pandey
130,Akash Sagar Chopra
131,Akash Sharma
132,Akashdeep
133,Akbar Khan
134,Akhil Kapur
135,Akhilendra Mishra
136,Akhilesh Jaiswal
137,Akiv Ali
138,Akkash Basnet
139,Akshara Haasan
140,Akshat Bhatia
141,Akshat Verma
142,Akshay Akkineni
143,Akshay Anand
144,Akshay Kapoor
145,Akshay Kumar
146,Akshay Oberoi
147,Akshay Roy
148,Akshay Shere
149,Akshaye Khanna
150,Aku Akbar
151,Alankrita Bora
152,Alankrita Sahai
153,Alankrita Shrivastava
154,Alaya F
155,Alayana Sharma
156,Alexx O'Nell
157,Aleya Sen
158,Ali Abbas Zafar
159,Ali Asgar
160,Ali Fazal
161,Ali Larter
162,Ali Zafar
163,Alia Bhatt
164,Alieesa P Badresia
165,Alisha Chinai
166,Aliza
167,Alka Amin
168,Allan Border
169,Allyson Patel
170,Alok Chaturvedi
171,Alok Nath
172,Alok Shrivastav
173,Alyy Khan
174,Amaan f Khan
175,Aman Jalali
176,Aman Mihani
177,Aman Sachdeva
178,Aman Ullah
179,Amar Kaushik
180,Amardeep Insan
181,Amarjeet Amle
182,Ameesha Patel
183,Amit
184,Amit Bhardwaj
185,Amit Bimrot
186,Amit Chandra Sahay
187,Amit Dhamija
188,Amit Hingorani
189,Amit Kapoor
190,Amit Kasaria
191,Amit Khan
192,Amit Khanna
193,Amit Kumar
194,Amit Masurkar
195,Amit Mistry
196,Amit Purohit
197,Amit Rai
198,Amit Ravindernath Sharma
199,Amit Sadh
200,Amit Saxena
201,Amit Singh
202,Amit Vats
203,Amita Pathak
204,Amitabh Bachchan
205,Amitabh Dayal
206,Amitabha Singh
207,Amitoj Mann
208,Amitosh Nagpal
209,Amjad Qureshi
210,Amol Palekar
211,Amol Shetge
212,Amole Gupte
213,Amrish Puri
214,Amrit Sagar
215,Amrita Acharya
216,Amrita Arora
217,Amrita Bagchi
218,Amrita Puri
219,Amrita Rao
220,Amrita Singh
221,Amruta Khanvilkar
222,Amruta Subhash
223,Amy Jackson
224,Amyra Dastur
225,Anaika Soti
226,Anaitha Nair
227,Anamika Goel
228,Anand Abhyankar
229,Anand Balraj
230,Anand Gandhi
231,Anand Surapur
232,Anand Tiwari
233,Anang Desai
234,Anant Balani
235,Anant Nag
236,Ananth Narayan Mahadevan
237,Ananya Panday
238,Anastasia Fullfina
239,Anay
240,Andrea Jeremiah
241,Anees Bazmee
242,Angad Bedi
243,Angira Dhar
244,Aniket Vishwasrao
245,Anil Ballani
246,Anil Chaudhary
247,Anil Devgan
248,Anil George
249,Anil Kapoor
250,Anil Kumar Sharma
251,Anil Mattoo
252,Anil Mehta
253,Anil Nagrath
254,Anil Senior
255,Anil Sharma
256,Anil v Kumar
257,Anindita Nayar
258,Aniruddha Roy Chowdhury
259,Anirudh Chawla
260,Anisa Butt
261,Anish Khanna
262,Anita
263,Anita Hassanandani Reddy
264,Anjali
265,Anjali Patil
266,Anjan Srivastav
267,Anjana Sukhani
268,Anjori Alagh
269,Anjum Nayar
270,Ankur Khanna
271,Ankur Tewari
272,Ankur Vikal
273,Ankush
274,Ankush Bhatt
275,Annu Kapoor
276,Anoop Chandran
277,Ansh Bagri
278,Anshai Lal
279,Anshul Kataria
280,Anshuman Jha
281,Anshuman Malhotra
282,Antara Mali
283,Anthony D'Souza
284,Antonia Bernath
285,Anu Menon
286,Anubhav Sinha
287,Anuj Gurwara
288,Anuj Sachdeva
289,Anuj Sawhney
290,Anuj Saxena
291,Anup Das
292,Anup Kurian
293,Anupam Kher
294,Anupam Maanav
295,Anupam Shukla
296,Anupam Sinha
297,Anupama Verma
298,Anupriya Goenka
299,Anurag Arora
300,Anurag Basu
301,Anurag Kashyap
302,Anurag Singh
303,Anurita Jha
304,Anushka Ranjan
305,Anushka Sharma
306,Anwer Khan
307,Anya Anand
308,Aparnaa Singh
309,Aparshakti Khurana
310,Apoorva Arora
311,Apoorva Lakhia
312,Apurba Kishore Bir
313,Apurv Bajpai
314,Apurva Asrani
315,Aqib Afzaal
316,Arbaaz Khan
317,Archana Joglekar
318,Arfi Lamba
319,Ariana Ayam
320,Arif Ali
321,Arif Zakaria
322,Arijit Sen Gupta
323,Arindam Chaudhuri
324,Arindam Nandy
325,Arjan Bajwa
326,Arjun
327,Arjun Bijlani
328,Arjun Chakraborty
329,Arjun Kapoor
330,Arjun Mathur
331,Arjun Mukerjee
332,Arjun Rampal
333,Arjun Sablok
334,Arjun Soni
335,Armaan Jain
336,Armaan Ralhan
337,Armaan Shahabi
338,Arman Kohli
339,Arnab Chaudhuri
340,Aron Govil
341,Arshad Khan
342,Arshad Warsi
343,Arshi
344,Arslan Goni
345,Arun
346,Arun Bakshi
347,Arun Bali
348,Aruna Irani
349,Arunoday Singh
350,Arup Dutta
351,Arvin Tucker
352,Arvind Kasera
353,Arvind Singh Rajpoot
354,Arvind Swamy
355,Arvind Tripathi
356,Arvinder Bhatti
357,Arya Babbar
358,Aryan Preet
359,Aryan Vaid
360,Aryeman Ramsay
361,Asha Bhat
362,Ashfaq Makrani
363,Ashim Ahluwalia
364,Ashim S. Samanta
365,Ashima Bhalla
366,Ashima Chibber
367,Ashish Gokhale
368,Ashish Kotwal
369,Ashish R. Mohan
370,Ashish R. Shukla
371,Ashish Tyagi
372,Ashish Verma
373,Ashish Vidyarthi
374,Ashit Kumar
375,Ashmit Patel
376,Ashok Beniwal
377,Ashok Honda
378,Ashok Kaul
379,Ashok Kheny
380,Ashok Nanda
381,Ashok Tyagi
382,Ashoke Pandit
383,Ashtar Sayed
384,Ashu Trikha
385,Ashutosh Gowariker
386,Ashutosh Rana
387,Ashwani Dhir
388,Ashwini Chaudhary
389,Ashwini Kalsekar
390,Ashwiny Iyer Tiwari
391,Asif Basra
392,Asin Thottumkal
393,Aslam Khan
394,Asrani
395,Atanu Mukherjee
396,Athiya Shetty
397,Atlanta Nagendra
398,Attin Bhalla
399,Atul Agnihotri
400,Atul Hanwat
401,Atul Kulkarni
402,Atul Sabharwal
403,Atul Sriva
404,Aubrey K. Miller
405,Aushima Sawhney
406,Avani Modi
407,Avijit Dutt
408,Avinash Dhyani
409,Avinash Dwivedi
410,Avinash Kumar Singh
411,Avinash Tiwary
412,Avneet Kaur
413,Avtar Gill
414,Avtar Singh Bhullar
415,Awdhesh Mishra
416,Ayaan Ahmad
417,Ayan Mukherjee
418,Aydah El-Kashef
419,Ayesha Dharker
420,Ayesha Jhulka
421,Ayesha Kapoor
422,Ayesha Takia
423,Ayub Khan
424,Ayush Raina
425,Ayushmann Khurrana
426,Aziz Mirza
427,Aziz Sejawal
428,Aziz Zee
429,B.B. Bhalla
430,B.B. Singh
431,B.H. Tharun Kumar
432,Baadal
433,Baba Sehgal
434,Babloo Seshadri
435,Badshah
436,Bajrangbali Singh
437,Balaji Iyer
438,Balmukund Tripathi
439,Banita Sandhu
440,Bappaditya Bandopadhyay
441,Bárbara Mori
442,Barkha Bisht
443,Barkha Madan
444,Barry John
445,Barun Chanda
446,Barun Sobti
447,Basu Chatterjee
448,Bedabrata Pain
449,Beena Banerjee
450,Behzad Khambata
451,Bejoy Nambiar
452,Bela Segal
453,Benjamin Gilani
454,Bhagyaraj
455,Bhagyashree
456,Bhani Singh
457,Bhanu Pratap Singh
458,Bharat Dabholkar
459,Bharat Dungrani
460,Bharat Jadhav
461,Bharti Achrekar
462,Bhavesh Kumar
463,Bhavita Anand
464,Bhoomika Chawla
465,Bhumi Pednekar
466,Bhumika
467,Bhumika Puri
468,Bhupeshwar Tyagi
469,Bhushan Patel
470,Bhuvnesh Mann
471,Bidita Bag
472,Bikram Malati
473,Bilal Amrohi
474,Binnu Dhillon
475,Binod Pradhan
476,Bipasha Basu
477,Birbal
478,Birendra Nath Tiwari
479,Biswajeet Bora
480,Biswanath Basu
481,Björn Freiberg
482,Bobby Bahal
483,Bobby Darling
484,Bobby Deol
485,Bobby Khan
486,Bobby Kumar
487,Boman Irani
488,Brahmanand S. Singh
489,Braj Bhushan
490,Brande Roderick
491,Brandon Routh
492,Brij Gopal
493,Brijendra Kala
494,Brijesh Batuknath Tripathi
495,Bryan Cranston
496,Buddhadev Dasgupta
497,Bumpy
498,Bunty Grewal
499,Bunty Soorma
500,Candice Boucher
501,Celina Jaitly
502,Chahat Khanna
503,Chaitanya Bhosle
504,Chaitanya Choudhury
505,Chaitanya Tamhane
506,Chakri Toleti
507,Chandan Arora
508,Chandan Kumar
509,Chandan Roy Sanyal
510,Chander Mishra
511,Chandni Chopra
512,Chandra Prakash Dwivedi
513,Chandra Sekhar Yeleti
514,Chandra Shekhar Dutta
515,Chandrachur Singh
516,Chandrakant Kulkarni
517,Chandrakant Singh
518,Charu Arora
519,Charudutt Acharya
520,Charuhas Shidore
521,Cherry Mardia
522,Chetan Aneja
523,Chetan Desai
524,Chetan Pandit
525,Chetana Das
526,Chetanya Adeep
527,Chetna Pande
528,Chinmayee Surve
529,Chinni Chetan
530,Chirag Malhotra
531,Chitrangda Singh
532,Chloé Booyens
533,Chrissy Chambers
534,Chuck Russell
535,Chunky Panday
536,Chutki
537,Cyrus Sahukar
538,D. Santosh
539,Daisy Bopanna
540,Daisy Shah
541,Daniel Weber
542,Danish Aslam
543,Danny Denzongpa
544,Darshan Bagga
545,Darshan Jariwala
546,Darshan Kumaar
547,Darsheel Safary
548,David Bueno
549,David Dhawan
550,Daya Shankar Pandey
551,Dean Alexandrou
552,Deb Medhekar
553,Deb Mukherjee
554,Debaloy Dey
555,Deeksha Seth
556,Deep Dhillon
557,Deepa Sahi
558,Deepak Anand
559,Deepak Bahry
560,Deepak Balraj Vij
561,Deepak Chaddha
562,Deepak Chandra
563,Deepak Dobriyal
564,Deepak Ramsay
565,Deepak S. Shivdasani
566,Deepak Sareen
567,Deepak Tanwar
568,Deepak Tijori
569,Deepika Padukone
570,Deepshikha Nagpal
571,Deepti Naval
572,Delnaaz Irani
573,Delzad Hiwale
574,Denise Richards
575,Dev Anand
576,Dev Benegal
577,Dev Goel
578,Dev Gohar
579,Deva Katta
580,Devan
581,Devang Dholakia
582,Devansh Doshi
583,Devashish Makhija
584,Deven Bhojani
585,Devesh Pratap Singh
586,Devika Bhagat
587,Devrati
588,Devraya Gole
589,Devshi Khanduri
590,Dhanush
591,Dharmendra
592,Dharmendra Suresh Desai
593,Dharmesh Darshan
594,Dharmesh Yelande
595,Dheeraj Kumar
596,Dhiraj Kumar
597,Dhruv Piyush Panjuani
598,Dhwani Gautam
599,Dhwanil Mehta
600,Dia Mirza
601,Diana Penty
602,Dibakar Banerjee
603,Dibyendu Bhattacharya
604,Digangana Suryavanshi
605,Diganth
606,Digvijay Singh
607,Dil Kumar
608,Dilip Dhawan
609,Dilip Gulati
610,Dilip Mestry
611,Dilip Prabhavalkar
612,Dilip Shankar
613,Dilip Shukla
614,Dilip Sood
615,Diljit Dosanjh
616,Dimple Kapadia
617,Dinesh Hingoo
618,Dinesh P. Bhonsle
619,Dinesh Soni
620,Dinesh Vijan
621,Dinkar Kapur
622,Dino Morea
623,Dinyar Contractor
624,Dipankar Senapati
625,Dipti
626,Dipti Dhotre
627,Disha Arora
628,Disha Patani
629,Dishita Sehgal
630,Diveyaa Dwivedi
631,Divij Kak
632,Divya Chouksey
633,Divya Dutta
634,Divya Jagdale
635,Divya Khosla Kumar
636,Divya Palat
637,Divyaa Dwivedi
638,Divyendu Sharma
639,Dolly
640,Dr. Vilas Ujawane
641,Dulquer Salmaan
642,Durgesh Kumar
643,Durgesh Nandini
644,Edie Mirman
645,Eesha Agarwal
646,Eeshwar Nivas
647,Ejaz Gulab
648,Ekavali Khanna
649,Ekta Patil
650,Elena Kazan
651,Elisha Kriis
652,Ellora Patnaik
653,Emraan Hashmi
654,Erica Fernandes
655,Erika Kaar
656,Errol Peter Marks
657,Esha Deol
658,Esha Gupta
659,Esha Tewari
660,Esmayeel Shroff
661,Ester Noronha
662,Ettienne Couthino
663,Eva Grover
664,Evelyn Sharma
665,Faaiz Anwar
666,Faisal Khan
667,Faisal Saif
668,Faith
669,Faraaz Khan
670,Farah Karimaee
671,Farah Khan
672,Faraz Ansari
673,Faraz Haider
674,Faraz Khan
675,Fardeen Khan
676,Farhad Colabavala
677,Farhad Samji
678,Farhan
679,Farhan Akhtar
680,Farhan Rehman Khan
681,Farid Amiri
682,Farida Jalal
683,Farogh Siddique
684,Farooq Shaikh
685,Faruk Kabir
686,Fatima Sana Shaikh
687,Fawad Khan
688,Ferdous Ahmed
689,Feroz Abbas Khan
690,Feroz Khan
691,Flora Saini
692,Florian Lukas
693,Frank M. Ahearn
694,Freddy Daruwala
695,Freny Bhagat
696,Fuwad Khan
697,G. Krishna
698,G. Suman Reddy
699,Gabriela Bertante
700,Gagan Puri
701,Gaganvihari Borate
702,Gajendra Ahire
703,Gajendra Chauhan
704,Gajraj Rao
705,Ganesh Acharya
706,Garima Agarwal
707,Gary Castro Churchwell
708,Gauahar Khan
709,Gaurav Arora
710,Gaurav Chanana
711,Gaurav Chopra
712,Gaurav Pandey
713,Gauravv K. Chawla
714,Gauri Shankar
715,Gauri Shinde
716,Gautam Adhikari
717,Gautam Gupta
718,Gautham Vasudev Menon
719,Gavie Chahal
720,Gayatri Bahl
721,Gayatri Joshi
722,Geeta Basra
723,Geetanjali Kulkarni
724,Geetanjali Thapa
725,Geetika Vidya Ohlyan
726,Gemma Atkinson
727,Genelia D'Souza
728,Giresh Naik
729,Girish Dhamija
730,Girish Karnad
731,Girish Malik
732,Girish Taurani
733,Gitanjali Rao
734,Gitanjali Sinha
735,Glen Barreto
736,Glenn
737,Gopal Datt
738,Gopi Bhalla
739,Gopi Desai
740,Gopi Puthran
741,Goutam Ghose
742,Govind Menon
743,Govind Namdeo
744,Govind Nihalani
745,Govinda
746,Gracy Singh
747,Guddu Dhanoa
748,Gul Bahar Singh
749,Gul Panag
750,Gulshan Devaiah
751,Gulshan Grover
752,Gulshan Pandey
753,Gunjan Malhotra
754,Gunjan Vyas
755,Gurbir Singh Grewal
756,Gurdas Maan
757,Gurdeep Mehndi
758,Gurfareen Bano
759,Gurleen Chopra
760,Gurmeet Choudhary
761,Gurmeet Ram Rahim Singh
762,Gurmmeet Singh
763,Gurpreet kaur Sodhi
764,Gurpreet Singh
765,Gurpreet Sondh
766,Gurudev Bhalla
767,Habib Faisal
768,Hadi Abrar
769,Haidar Ali
770,Hansal Mehta
771,Harish Bhimani
772,Harisree Asokan
773,Harman Baweja
774,Harmesh Malhotra
775,Harry Baweja
776,Harsh Chhaya
777,Harsh Gupta
778,Harsh Mayar
779,Harsh Parekh
780,Harshaali Malhotra
781,Harshavardhan Kulkarni
782,Harshvardhan Deo
783,Harshvardhan Kapoor
784,Harshvardhan Rane
785,Hasan Zaidi
786,Hasleen Kaur
787,Hasnain Hyderabadwala
788,Hazel Croney
789,Heenee Kaushik
790,Helen
791,Hema Malini
792,Hemant Birje
793,Hemant Gopal
794,Hemant Madhukar
795,Hena
796,Himani Shivpuri
797,Himansh Kohli
798,Himanshu Bhatt
799,Himanshu Brahmbhatt
800,Himanshu Malik
801,Himanshu Sharma
802,Himesh Reshammiya
803,Hitesh Aggarwal
804,Homi Adajania
805,Honey Irani
806,Honeypreet Insan
807,Howard Rosemeyer
808,Hriday Shetty
809,Hrishitaa Bhatt
810,Hrithik Roshan
811,Hritu
812,Huma Qureshi
813,Humaima Malik
814,Hussain Kuwajerwala
815,Hyder Kazmi
816,Ila Arun
817,Ileana D'Cruz
818,Ilene Hamann
819,Imaaduddin Shah
820,Imran Abbas
821,Imran Ahmed Khan
822,Imran Khalid
823,Imran Khan
824,Imtiaz Ali
825,Inaamulhaq
826,Inayat Sharma
827,Inder Kumar
828,Inder Labana
829,Indervesh Yogee
830,Indra Kumar
831,Indrajeet Soni
832,Indrajit Lankesh
833,Indrajit Nattoji
834,Indrajit Singh
835,Indraneil Sengupta
836,Indrani Haldar
837,Indrapal Ahuja
838,Iqbal Durrani
839,Iqbal Khan
840,Iqbal Raj
841,Ira Dubey
842,Iravati Harshe
843,Irfan Kamal
844,Irfan Khan
845,Iris Maity
846,Irrfan Khan
847,Irshad Khan
848,Isabelle Adjani
849,Ish Sharma
850,Isha Koppikar
851,Isha Sharvani
852,Ishaan Khattar
853,Ishaan Trivedi
854,Ishita Arun
855,Ishita Chauhan
856,Ishita Dutta
857,Ishita Salot
858,Ishita Sharma
859,Ishrat Ali
860,Ishwari Bose-Bhattacharya
861,Ivan Ayr
862,Izabelle Leite
863,J. Brandon Hill
864,J.D. Chakravarthi
865,J.P. Dutta
866,J.V. Somayajulu
867,Jack Gaud
868,Jackie Shroff
869,Jackky Bhagnani
870,Jacqueline Fernandez
871,Jag Mundhra
872,Jagan Shakti
873,Jagbir Dahiya
874,Jagrat Desai
875,Jahangir Khan
876,Jaideep Ahlawat
877,Jaideep Chopra
878,Jaideep Sen
879,Jairaj Padmanabhan
880,Jaiveer
881,Jana Sue Memel
882,Janaki Vishwanathan
883,Janhvi Kapoor
884,Janmendra Ahuja
885,Jas Arora
886,Jasbir Bijender Bhati
887,Jashan Singh Kohli
888,Jasmine D'Souza
889,Jasmine Kaur
890,Jass Bhatia
891,Jaswant Gangani
892,Jatin Goswami
893,Jatin Grewal
894,Jatin Kumar
895,Javed Abedi
896,Javed Jaffrey
897,Javed Rizvi
898,Jay Bhanushali
899,Jaya Bachchan
900,Jaya Prada
901,Jaya Seal
902,Jayant Gilatar
903,Jayanta Das
904,Jayaraaj
905,Jayati Bhatia
906,Jayesh Pradhan
907,Jayesh Raj
908,Jayprakkash Shaw
909,Jaz Pandher
910,Jeeva
911,Jeff Doucette
912,Jennifer Antony
913,Jennifer Lynch
914,Jesse Randhawa
915,Jhanak Shukla
916,Jhanvi Desai
917,Jhilmil Hazrika
918,Jhuma Biswas
919,Jiah Khan
920,Jigna Bhardwaj
921,Jijy Philip
922,Jimmy Sharma
923,Jimmy Sheirgill
924,Jiten Purohit
925,Jitender Bhargava
926,Jitendra Singh Naruka
927,Jitendra Tiwari
928,Jitin Gulati
929,Jividha Sharma
930,Joe Rajan
931,John Abraham
932,John Mathew Matthan
933,Johnny Baweja
934,Johnny Lever
935,Jojo D'Souza
936,Jonathan Augustin
937,Joy Augustine
938,Joy Fernandes
939,Joy Sengupta
940,Joydip Mukhopadhyay
941,Jugal Hansraj
942,Juhi Chawla
943,Julia Datt
944,Julian Burkhardt
945,Juri Mazumdar
946,Jyoti Dogra
947,Jyoti Sharma
948,Jyotin Goel
949,K. Gauri
950,K. Muralimohana Rao
951,K. Raghavendra Rao
952,K. Ravi Shankar
953,K. Subhash
954,K.C. Bokadia
955,K.D. Satyam
956,K.K. Raina
957,K.P. Sasi
958,K.S. Adiyaman
959,K.S. Ravikumar
960,Kaamya Sharma
961,Kabeer Kaushik
962,Kabina Maharjan
963,Kabir Bedi
964,Kabir Khan
965,Kabir Sadanand
966,Kabir Sajid
967,Kader Khan
968,Kainaz Motivala
969,Kaivalya Chheda
970,Kaizad Gustad
971,Kajal Aggarwal
972,Kajal Chakraborty
973,Kajal Naskar
974,Kajol
975,Kal Penn
976,Kalki Koechlin
977,Kallirroi Tziafeta
978,Kallol Banerjee
979,Kalpana Lajmi
980,Kaluram Dhobale
981,Kalyani Thakkar
982,Kamal Adib
983,Kamal Haasan
984,Kanchan Awasthi
985,Kangana Ranaut
986,Kanika Batra
987,Kanishka Singh Deo
988,Kanishkaa Kapoor
989,Kannan Arunachalam
990,Kannan Iyer
991,Kannu Gill
992,Kanti Shah
993,Kanu Behl
994,Kapil Jhaveri
995,Kapil Sharma
996,Kapri Vinod
997,Karan
998,Karan Aanand
999,Karan Anshuman
1000,Karan Arora
1001,Karan Ashar
1002,Karan Butani
1003,Karan Deol
1004,Karan Hukka
1005,Karan Johar
1006,Karan Kapadia
1007,Karan Kashyap
1008,Karan Kundra
1009,Karan Malhotra
1010,Karan Razdan
1011,Karan Sharma
1012,Karan Singh Grover
1013,Karan Veer Mehra
1014,Karann Nathh
1015,Karanvir Bohra
1016,Karanvir Sharma
1017,Kareena Kapoor
1018,Karhan Dev
1019,Karim Hajee
1020,Karishma Kotak
1021,Karishma Sharma
1022,Karisma Kapoor
1023,Kartar Cheema
1024,Kartik Aaryan
1025,Kartik Elangovan
1026,Kasam Ali
1027,Kashmira Shah
1028,Kashyap Barbhaya
1029,Katrina Kaif
1030,Kaushik Ghatak
1031,Kaushik Roy
1032,Kaustav Ghosh
1033,Kavi Shastri
1034,Kavin Dave
1035,Kay Kay Menon
1036,Kedar Shinde
1037,Ken Ghosh
1038,Kenneth Desai
1039,Keshhav Panneriy
1040,Ketan Mehta
1041,Khalid Mohamed
1042,Khalid Y. Batliwalla
1043,Khushi Hajare
1044,Kiara Advani
1045,Kim Sharma
1046,Kimti Anand
1047,Kiran Bhatia
1048,Kiran Janjani
1049,Kiran Kumar
1050,Kiran Rao
1051,Kirron Kher
1052,Kirshan Kumar
1053,Kirti Kulhari
1054,Kirti Kumar
1055,Kirti Reddy
1056,Kishore Anand Bhanushali
1057,Kishori Ballal
1058,Kitu Gidwani
1059,Kkunal Shinde
1060,Koena Mitra
1061,Konkona Sen Sharma
1062,Kookie Gulati
1063,Kranti Prakash Jha
1064,Krishan Hooda
1065,Krishan Kumar
1066,Krishang Trivedi
1067,Krishna Abhishek
1068,Krishna Chaturvedi
1069,Krishna D.K.
1070,Krishna Singh Bisht
1071,Krishnadev Yagnik
1072,Kriti Kharbanda
1073,Kriti Malhotra
1074,Kriti Sanon
1075,Kritika Kamra
1076,Kubbra Sait
1077,Kuku Kohli
1078,Kulbhushan Kharbanda
1079,Kuldeep Ruhil
1080,Kulraj Randhawa
1081,Kumar Anand
1082,Kumar Gaurav
1083,Kumar Gautam
1084,Kumar Jay
1085,Kumar Mayank
1086,Kumar Neeraj
1087,Kumud Mishra
1088,Kunaal Roy Kapur
1089,Kunal Deshmukh
1090,Kunal Kapoor
1091,Kunal Khemu
1092,Kunal Kohli
1093,Kunal Shamshere Malla
1094,Kunal v Singh
1095,Kundan Shah
1096,Kurush Deboo
1097,Kushagra Anand
1098,Kushal Punjabi
1099,Kushal Ruia
1100,Kushal Srivastava
1101,Kushan Nandy
1102,Kyra Dutt
1103,Laila Khan
1104,Lakha Lakhwinder Singh
1105,Lakhwinder Shabla
1106,Lakshmi Manchu
1107,Lalit Marathe
1108,Lalit Mohan
1109,Lalit Parimoo
1110,Lankesh Bhardwaj
1111,Lara Dutta
1112,Lars Kjeldsen
1113,Laura Kansy
1114,Lauren Gottlieb
1115,Lawrence D'Souza
1116,Laxman Dawbhat
1117,Laxman Utekar
1118,Laxmikant Berde
1119,Leena Yadav
1120,Leeza Mangaldas
1121,Lehar Khan
1122,Lena Christensen
1123,Lewis Tan
1124,Lezlie Tripathy
1125,Lillete Dubey
1126,Lilliput
1127,Linda Arsenio
1128,Lisa Haydon
1129,Lisa Ray
1130,Liyaqat Bari
1131,Lovely Singh
1132,Lucky Ali
1133,Lucky Kohli
1134,Lucy Bartholomew
1135,Luke Kenny
1136,Luna Lahkar
1137,Luv Ranjan
1138,M.F. Hussain
1139,Maanuv Bharadwaj
1140,Madalina Bellariu Ion
1141,Madalsa Sharma
1142,Madhav Mehta
1143,Madhavan
1144,Madhu
1145,Madhu Shalini
1146,Madhur Bhandarkar
1147,Madhur Mittal
1148,Madhureeta Anand
1149,Madhuri Bhattacharya
1150,Madhuri Dixit
1151,Madiha Imam
1152,Mahalakshmi Iyer
1153,Mahek Chahal
1154,Mahesh Anand
1155,Mahesh Balraj
1156,Mahesh Bhatt
1157,Mahesh Dattani
1158,Mahesh Manjrekar
1159,Mahesh Vaijnath Doijode
1160,Mahie Gill
1161,Mahima A
1162,Mahima Chaudhry
1163,Mahrukh Mirza
1164,Majid Majidi
1165,Makarand Anaspure
1166,Makrand Deshpande
1167,Malaika Arora
1168,Malavika Mohanan
1169,Malavikka
1170,Malini Sharma
1171,Mallika Sherawat
1172,Mallishka
1173,Mamik Singh
1174,Mammootty
1175,Mamta Kulkarni
1176,Manas Das
1177,Manav Kaul
1178,Manav Sohal
1179,Manav Vij
1180,Mandana Karimi
1181,Mandeep Kumar
1182,Mandira Bedi
1183,Maneesh Sharma
1184,Mangal Anand
1185,Mangala Kenkre
1186,Mangesh Hadawale
1187,Mani Ratnam
1188,Mani Shankar
1189,Maninder Bhandari
1190,Maninder Singh
1191,Maninder Wasu
1192,Manish Acharya
1193,Manish Anand
1194,Manish Chaudhary
1195,Manish Gupta
1196,Manish Harishankar
1197,Manish Jha
1198,Manish Manikpuri
1199,Manish Paul
1200,Manish Robin
1201,Manish Sharma
1202,Manish Srivastav
1203,Manish Tiwary
1204,Manish Vatssalya
1205,Manish Wadhwa
1206,Manisha Kelkar
1207,Manisha Koirala
1208,Manit Joura
1209,Manjari Fadnnis
1210,Manjot Singh
1211,Manjul Azad
1212,Manjusha Godse
1213,Mann Bagga
1214,Mannara Chopra
1215,Manoj Agrawal
1216,Manoj Bajpayee
1217,Manoj Bakshi
1218,Manoj Bidwai
1219,Manoj Joshi
1220,Manoj K. Jha
1221,Manoj Pahwa
1222,Manoj Punj
1223,Manoj Shidheshwari Tiwari
1224,Manoj Tiwari
1225,Manoj Tyagi
1226,Mansha Bahl
1227,Mansi Dovhal
1228,Mansoor Khan
1229,Mantra Mugdh
1230,Manu Rishi Chadha
1231,Manu Warrier
1232,Manveer Choudhary
1233,Maria Goretti
1234,Martin Sheen
1235,Mastan Alibhai Burmawalla
1236,Master Jaffer
1237,Master Salman
1238,Master Shams
1239,Masumeh Makhija
1240,Mawra Hocane
1241,Mayank Tewari
1242,Mayuri Kango
1243,Mazhar Khan
1244,Meenakshi Dixit
1245,Meenu Bhardwaj
1246,Meenu Hooda
1247,Meera
1248,Meera Chopra
1249,Meera Vasudevan
1250,Meeraj Shah
1251,Meezaan Jafri
1252,Megh Pant
1253,Meghan Jadhav
1254,Meghna Desai
1255,Meghna Gulzar
1256,Meghna Naidu
1257,Mehak Dhanoa
1258,Mehak Manwani
1259,Mehar Mittal
1260,Mehdi Nebbou
1261,Meher Vij
1262,Menekka Arora
1263,Michalina Olszanska
1264,Michelle D'Alessandro Hatt
1265,Michelle Shah
1266,Mikaal
1267,Mike Hussey
1268,Mikhil Musale
1269,Mikhill Chandiramani
1270,Milan Luthria
1271,Milann Ajmera
1272,Milap Zaveri
1273,Miles Anderson
1274,Milind Gadagkar
1275,Milind Gunaji
1276,Milind Rau
1277,Milind Soman
1278,Milind Ukey
1279,Mimoh Chakraborty
1280,Minissha Lamba
1281,Mir Mohammed Mehroos
1282,Mischa Barton
1283,Mishika Chourasia
1284,Mita Vashisht
1285,Mithila Palkar
1286,Mithilesh Chaturvedi
1287,Mithun Chakraborty
1288,Mithun Purandare
1289,Mohammad Samad
1290,Mohammed Israr Ansari
1291,Mohan Agashe
1292,Mohan Azaad
1293,Mohan Bhakri
1294,Mohan Joshi
1295,Mohan Savalkar
1296,Mohan Singh Rathor
1297,Mohanlal
1298,Mohd. Zeeshan Ayyub
1299,Mohinder Gujral
1300,Mohit Ahlawat
1301,Mohit Arora
1302,Mohit Chadha
1303,Mohit Dutta
1304,Mohit Ghai
1305,Mohit Madaan
1306,Mohit Marwah
1307,Mohit Raina
1308,Mohit Suri
1309,Mohnish Bahl
1310,Mohsin
1311,Mohsin Akhtar
1312,Moin Khan
1313,Mona Ambegaonkar
1314,Mona Wasu
1315,Monali Thakur
1316,Monalisa
1317,Monica
1318,Monica Dogra
1319,Monica Gill
1320,Monjoy Joy Mukerji
1321,Mouli Ganguly
1322,Mouni Roy
1323,Mozez Singh
1324,Mridula Baruah
1325,Mrighdeep Lamba
1326,Mrinalini Sharma
1327,Mrityunjay Devvrat
1328,Mrunal Thakur
1329,Muazzam Beg
1330,Mudassar Aziz
1331,Mugdha Godse
1332,Mukesh Ahuja
1333,Mukesh Chhabra
1334,Mukesh Hariawala
1335,Mukesh Khanna
1336,Mukesh Rishi
1337,Mukesh S. Bhatt
1338,Mukesh Tiwari
1339,Mukul Abhyankar
1340,Mukul Dev
1341,Munish Khan
1342,Munnavar Khan
1343,Muntazir Ahmad
1344,Musavir Jaleel
1345,Mushtaq Khan
1346,Mustafa Engineer
1347,Muzamil Ibrahim
1348,Muzzi
1349,Myra Karn
1350,N. Chandra
1351,N. Maharajan
1352,Nabh Kumar 'Raju'
1353,Naeem Sha
1354,Nafisa Ali
1355,Nagesh Bhonsle
1356,Nagesh Kukunoor
1357,Nagma
1358,Naisha Arora
1359,Nakul Kapoor
1360,Nakul Roshan Sahdev
1361,Nakuul Mehta
1362,Naman Jain
1363,Naman Nitin Mukesh
1364,Namit Shah
1365,Namitha
1366,Namrata Shirodkar
1367,Nana Patekar
1368,Nandana Sen
1369,Nandish Singh
1370,Nandita Das
1371,Narendra Jetley
1372,Naresh Gosain
1373,Naresh Lalwani
1374,Naresh Malhotra
1375,Naresh Sharma
1376,Nargis Bagheri
1377,Nargis Fakhri
1378,Naseeruddin Shah
1379,Nasir Khan
1380,Nassar
1381,Nassar Abdulla
1382,Natalia Janoszek
1383,Natalya Gudkova
1384,Natalya Llina
1385,Nataneya Singh
1386,Natasa Stankovic
1387,Natasha Fernandez
1388,Natasha Sikka
1389,Nathan Jones
1390,Nauheed Cyrusi
1391,Naushaad Abbas
1392,Nausheen Ali Sardar
1393,Navaniat Singh
1394,Navdeep Singh
1395,Navdip Singh
1396,Naveen Bawa
1397,Naveen Kasturia
1398,Navin Batra
1399,Navneet Kaur Dhillon
1400,Navni Parihar
1401,Navnit Ravi Rana
1402,Nawab Shah
1403,Nawazuddin Siddiqui
1404,Nayab Aftab
1405,Nazia Hussain
1406,Neel Bakshi
1407,Neelambari Bhattacharya
1408,Neelu Kohli
1409,Neena Gupta
1410,Neena Kulkarni
1411,Neeraj Ghaywan
1412,Neeraj Kabi
1413,Neeraj Pandey
1414,Neeraj Pathak
1415,Neeraj Vora
1416,Neetu Chandra
1417,Neetu Chaudhary
1418,Neetu Singh
1419,Negar Khan
1420,Neha Ahuja
1421,Neha Baam
1422,Neha Chauhan
1423,Neha Dhupia
1424,Neha Ghelot
1425,Neha Hinge
1426,Neha Kargeti
1427,Neha Mishra
1428,Neha Oberoi
1429,Neha Sharma
1430,Neil Bhoopalam
1431,Neil Nitin Mukesh
1432,Nemom Pushparaj
1433,Nethra Raghuraman
1434,Nicole Faria
1435,Nidhhi Agerwal
1436,Nidhi Singh
1437,Nidhi Subbaiah
1438,Nigaar Khan
1439,Niharika Singh
1440,Nikhil Chinappa
1441,Nikhil Dwivedi
1442,Niki Walia
1443,Nikita Dutta
1444,Nikkhil Advani
1445,Nila Madhab Panda
1446,Nilamadhab Panda
1447,Nilesh Maniyar
1448,Nimrat Kaur
1449,Nirmiti Sawant
1450,Nisha Bains
1451,Nisha Prashant
1452,Nishan Nanaiah
1453,Nishant Dahiya
1454,Nishant Lal
1455,Nishant Malkani
1456,Nishikant Kamat
1457,Nishtha Jain
1458,Nitesh Tiwari
1459,Nithiin
1460,Nitin Chandra
1461,Nitin Kakkar
1462,Nitin Kerur
1463,Nitish Bharadwaj
1464,Nitya Mehra
1465,Nitya Shetty
1466,Nivedita Bhattacharya
1467,Nivedita Chandel
1468,Nora Fatehi
1469,Numaan Sheikh
1470,Nupur Asthana
1471,Nupur Sharma
1472,Nushrat Bharucha
1473,Nyla Masood
1474,Om Puri
1475,Omi Vaidya
1476,Omkar Bhatkar
1477,Omkar Das Manikpuri
1478,Omkar Kapoor
1479,Omung Kumar
1480,Onir
1481,Onjolee Nair
1482,Onkar Nath Mishra
1483,Oskar Zoche
1484,P. Som Shekar
1485,Paakhi A. Tyrewala
1486,Padam Bhola
1487,Padam Kumar
1488,Padmapriya
1489,Padmini Kolhapure
1490,Pallavi Joshi
1491,Pallavi Sharda
1492,Pan Nalin
1493,Pankaj Advani
1494,Pankaj Batra
1495,Pankaj Berry
1496,Pankaj Dheer
1497,Pankaj Jha
1498,Pankaj Kapur
1499,Pankaj Parashar
1500,Pankaj Sharma
1501,Pankaj Tripathi
1502,Paoli Dam
1503,Papu Bahruz
1504,Parambrata Chattopadhyay
1505,Paras Chhabra
1506,Paresh Ganatra
1507,Paresh Rawal
1508,Paresh Vinodray Savani
1509,Parignya Pandya Shah
1510,Parineeti Chopra
1511,Paritosh Painter
1512,Parth Bhalerao
1513,Parthaa Akerkar
1514,Partho A. Gupte
1515,Partho Ghosh
1516,Partho Sen-Gupta
1517,Parvathy Omanakuttan
1518,Parvati Balagopalan
1519,Parveen Kaur
1520,Parvin Dabas
1521,Parzaan Dastur
1522,Pathy Aiyar
1523,Patralekhaa Paul
1524,Paul Blackwell
1525,Pavan Buragohain
1526,Pavan Kaul
1527,Pawan Gill
1528,Pawan Kripalani
1529,Pawan Malhotra
1530,Payal Rohatgi
1531,Perizaad Zorabian
1532,Peter Pedrero
1533,Pia Sukanya
1534,Piaa Bajpai
1535,Pihu Myra Vishwakarma
1536,Pinky Chinoy
1537,Pitobash
1538,Piyush Jha
1539,Piyush Mishra
1540,Pooja Banerjee
1541,Pooja Batra
1542,Pooja Bharti
1543,Pooja Bhatt
1544,Pooja Chopra
1545,Pooja Dadwal
1546,Pooja Hegde
1547,Pooja Kanwal
1548,Pooja Kumar
1549,Pooja Thakur
1550,Poonam Jhawer
1551,Poonam Pandey
1552,Prabhas
1553,Prabhleen Sandhu
1554,Prabhu Deva
1555,Prabhuraj
1556,Prachi Desai
1557,Pradeep Kharab
1558,Pradeep Maini
1559,Pradeep Rangwani
1560,Pradeep Sarkar
1561,Pradeep Singh
1562,Pradhuman Singh
1563,Pragya Jaiswal
1564,Prakash Belawadi
1565,Prakash Jha
1566,Prakash Kovelamudi
1567,Prakash Raj
1568,Prakash Saini
1569,Pramod Joshi
1570,Pramod Mandloi
1571,Pramod Moutho
1572,Pranav Singh
1573,Pranay Pachauri
1574,Pranutan Bahl
1575,Prasad Athalye
1576,Prasant Samadhar
1577,Prasenjit Chatterjee
1578,Prashant Chadha
1579,Prashant Chianani
1580,Prashant Nair
1581,Prashant Narayanan
1582,Prashant Prakash
1583,Prashant Singh
1584,Prateek Chakravorty
1585,Prateik
1586,Pratik Katare
1587,Pratima V. Kulkarni
1588,Praveen Maheswari
1589,Prawaal Raman
1590,Preeti Chauhan
1591,Preeti Desai
1592,Preeti Gandwani
1593,Preeti Jain
1594,Preeti Jhangiani
1595,Preeti Soni
1596,Preity Zinta
1597,Prem Chopra
1598,Prem Prakash Modi
1599,Prem Soni
1600,Prerna Chawla
1601,Prerna Vishwakarma
1602,Prerna Wadhawan
1603,Prince Adhikari
1604,Prince Daniel
1605,Prince Shah
1606,Prince Singh
1607,Prit Kamani
1608,Prithvi
1609,Prithviraj Sukumaran
1610,Pritish Chakraborty
1611,Priya Anand
1612,Priya Banerjee
1613,Priya Bathija
1614,Priya Krishnaswamy
1615,Priyadarshan
1616,Priyanka Arya
1617,Priyanka Chopra Jonas
1618,Priyanka Kothari
1619,Priyanka Mehta
1620,Priyanka Sharma
1621,Priyanka Upendra
1622,Priyanshu Chatterjee
1623,Priyanshu Painyuli
1624,Puja Gupta
1625,Pulkit Samrat
1626,Puneet Issar
1627,Puneet Singh Ratn
1628,Puneet Sira
1629,Punit Malhotra
1630,Punit Pathak
1631,Purab Kohli
1632,Purbi Joshi
1633,Puri Jagannadh
1634,Puru Chibber
1635,Pushpdeep Bhardwaj
1636,R. Balki
1637,R.S. Prasanna
1638,Raadhika Singh
1639,Raaghav Dar
1640,Raaghavv Chanana
1641,Raai Laxmi
1642,Raaj Shaandilyaa
1643,Raajeev Walia
1644,Raakesh Babu
1645,Raam Shetty
1646,Raashi Khanna
1647,Raayo S. Bakhirta
1648,Rachita Bhattacharya
1649,Rackhee Sandilya
1650,Radha Bhatt
1651,Radha Krishna Jagarlamudi
1652,Radha Ravi
1653,Radha Sagar
1654,Radhika Apte
1655,Radhika Jajodia
1656,Radhika Madan
1657,Radhika Rao
1658,Radhika Vaid
1659,Rafeeq Ellias
1660,Rafiq Batcha
1661,Raghav Juyal
1662,Raghu Khosla
1663,Raghu Ram
1664,Raghubeer Singh
1665,Raghuvir Yadav
1666,Rahat Kazmi
1667,Rahi Anil Barve
1668,Rahul Aggarwal
1669,Rahul Bagga
1670,Rahul Bhatt
1671,Rahul Bose
1672,Rahul Dahiya
1673,Rahul Dev
1674,Rahul Dholakia
1675,Rahul Jaiswal
1676,Rahul Khanna
1677,Rahul Pendkalkar
1678,Rahul Rawail
1679,Rahul Roy
1680,Rahul Singh
1681,Rahul Tewari
1682,Raima Sen
1683,Raj Arjun
1684,Raj Babbar
1685,Raj Kanwar
1686,Raj Kaushal
1687,Raj Kumar Gupta
1688,Raj N. Sippy
1689,Raj Nidimoru
1690,Raj Purohit
1691,Raj Samra
1692,Raj Shetty
1693,Raj Singh Chaudhary
1694,Raj Singh Verma
1695,Raj Zutshi
1696,Raja
1697,Raja Bundela
1698,Raja Chaudhary
1699,Raja Menon
1700,Raja Unnithan
1701,Rajan Johri
1702,Rajan Khosa
1703,Rajat Barmecha
1704,Rajat Kapoor
1705,Rajat Kaul
1706,Rajat Mukherjee
1707,Rajat Rawail
1708,Rajeev Ankit
1709,Rajeev Chaudhari
1710,Rajeev Jhaveri
1711,Rajeev Khandelwal
1712,Rajeev Kumar
1713,Rajeev Mehta
1714,Rajeev Verma
1715,Rajeev Virani
1716,Rajendra Gupta
1717,Rajesh Abhay
1718,Rajesh Bachchani
1719,Rajesh Bajaj
1720,Rajesh Bakshi
1721,Rajesh Bhatt
1722,Rajesh Butalia
1723,Rajesh Deshmukh
1724,Rajesh Ganguly
1725,Rajesh Jais
1726,Rajesh Khanna
1727,Rajesh Khera
1728,Rajesh Krishnan
1729,Rajesh Kumar Singh
1730,Rajesh Mapuskar
1731,Rajesh Pandey
1732,Rajesh Pillai
1733,Rajesh Ram Singh
1734,Rajesh Ranshinge
1735,Rajesh Sharma
1736,Rajesh Tailang
1737,Rajesh. K.
1738,Rajeshwari Sachdev
1739,Rajit Kapoor
1740,Rajiv Babbar
1741,Rajiv Chilaka
1742,Rajiv Dhingra
1743,Rajiv Gopalakrishnan
1744,Rajiv Rai
1745,Rajiv S. Ruia
1746,Rajiv Thakur
1747,Rajkumar Hirani
1748,Rajkumar Kohli
1749,Rajkumar Santoshi
1750,Rajkummar Rao
1751,Rajniesh Duggall
1752,Rajnish Jaiswal
1753,Rajnish Thakur
1754,Rajpal Yadav
1755,Rajshree Choudhary
1756,Rajshree Ojha
1757,Rajshri Deshpande
1758,Raju Khan
1759,Raju Mavani
1760,Rajveer Ankur Singh
1761,Rakesh Bedi
1762,Rakesh Mehta
1763,Rakesh Ranjan Kumar
1764,Rakesh Roshan
1765,Rakesh Sawant
1766,Rakesh Sharma
1767,Rakeysh Omprakash Mehra
1768,Rakhee Gulzar
1769,Rakul Preet Singh
1770,Ram Asra
1771,Ram Awana
1772,Ram Charan
1773,Ram Dulari
1774,Ram Gopal Varma
1775,Ram Kapoor
1776,Ram Lakhan
1777,Ram Madhvani
1778,Ram Ramesh Sharma
1779,Rama Rao Tatineni
1780,Raman Kumar
1781,Ramanarayanan
1782,Ramanjit Juneja
1783,Rambha
1784,Ramesh Bhatkar
1785,Ramesh Modi
1786,Ramesh Rout
1787,Ramesh U. Lakhiani
1788,Ramnita Chaudhry
1789,Ramya Krishnan
1790,Rana Daggubati
1791,Rana Jung Bahadur
1792,Ranbir Kapoor
1793,Randeep Hooda
1794,Randhir Kapoor
1795,Rani Mukerji
1796,Rani Rajkumar
1797,Ranjeet Jha
1798,Ranjeeta Kaur
1799,Ranjit Batra
1800,Ranjit Kapoor
1801,Ranjit Tewari
1802,Ranveer Singh
1803,Ranvir Shorey
1804,Raqesh Bapat
1805,Rashami Desai
1806,Rashee Bindal
1807,Rasika Dugal
1808,Rati Agnihotri
1809,Ratna Pathak Shah
1810,Ratnaa Sinha
1811,Raveena Tandon
1812,Ravi Baswani
1813,Ravi Behl
1814,Ravi Chopra
1815,Ravi Dewan
1816,Ravi Gadariya
1817,Ravi Jadhav
1818,Ravi Kishan
1819,Ravi Kumar
1820,Ravi Pathak
1821,Ravi Rai
1822,Ravi Udyawar
1823,Ravinddra Khare
1824,Ravindra Gautam
1825,Raza Murad
1826,Razak Khan
1827,Reecha Sinha
1828,Reema Debnath
1829,Reema Kagti
1830,Reema Lagoo
1831,Reema Sen
1832,Reeth Mazumder-Roberts
1833,Rekha
1834,Rekha Rana
1835,Rekha Rao
1836,Rekha Vedavyasa
1837,Remo D'Souza
1838,Renzil D'Silva
1839,Revathi
1840,Rhea Chakraborty
1841,Rhythm Arora
1842,Ribhu Dasgupta
1843,Richa Chadha
1844,Richa Dixit
1845,Richa Pallod
1846,Richa Sharma
1847,Richard Harris
1848,Richie Mehta
1849,Riddhi Sen
1850,Ridhima Sud
1851,Rikhil Bahadur
1852,Rima Mishra
1853,Rimi Sen
1854,Rimple Dhindsa
1855,Rinke Khanna
1856,Rishabh Arora
1857,Rishi Bhutani
1858,Rishi Kapoor
1859,Rishi Prakash Mishra
1860,Rishi Verma
1861,Rita Bhaduri
1862,Riteish Deshmukh
1863,Ritesh Batra
1864,Ritesh Menon
1865,Rituparna Sengupta
1866,Rituparno Ghosh
1867,Ritvik Sahore
1868,Riya Sen
1869,Riya Shukla
1870,Riya Sisodiya
1871,Rj Ajay
1872,Robbie Grewal
1873,Robin Das
1874,Robin Khosla
1875,Robin Sohi
1876,Rocky Bhatia
1877,Rocky Khanna
1878,Rohan Jardosh
1879,Rohan Sippy
1880,Rohiet Nair
1881,Rohit Dhawan
1882,Rohit Jugraj
1883,Rohit Krishnakant Nayyar
1884,Rohit Manash
1885,Rohit Pathak
1886,Rohit Roy
1887,Rohit Shetty
1888,Romesh Sharma
1889,Romit Raj
1890,Roni Bhatt
1891,Ronit Roy
1892,Ronjini Chakraborty
1893,Ronnaoq Ahuja
1894,Roop Dutta Naik
1895,Roshan Abbas
1896,Roshini Jaffery
1897,Roshni Chopra
1898,Rotem Bar
1899,Ruchika Oberoi
1900,Ruhi Singh
1901,Rukhsar Rehman
1902,Rumi Jaffery
1903,Rupa Bhimani
1904,Rupa Dutta
1905,Rushabh Patni
1906,Ruslaan Mumtaz
1907,S.J. Suryah
1908,Saad Khan
1909,Saadhika Randhawa
1910,Saahil Chadha
1911,Saahil Prem
1912,Saandesh Nayak
1913,Saawan Kumar Tak
1914,Saayli Buva
1915,Saba Azad
1916,Saba Qamar
1917,Sabal Singh Shekhawat
1918,Sabir
1919,Sabir Khan
1920,Sabitha Jayaraaj
1921,Sabyasachi Chakrabarty
1922,Sachiin Joshi
1923,Sachin Bajaj
1924,Sachin Gupta
1925,Sachin Kamlakar Khot
1926,Sachin Khedekar
1927,Sachin Kundalkar
1928,Sachin P. Karande
1929,Sachin Yardi
1930,Sachindra Sharma
1931,Sada
1932,Sadashiv Amrapurkar
1933,Sadhana Singh
1934,Sadiya Siddiqui
1935,Sagar Ballary
1936,Sagar Bhangade
1937,Sagar Chawla
1938,Sagar Kale
1939,Sagar Sarhadi
1940,Sagarika Ghatge
1941,Sahher Bambba
1942,Sahil Akhtar
1943,Sahil Anand
1944,Sahil Khan
1945,Sahil Sangha
1946,Sahil Vaid
1947,Sai Kabir
1948,Sai Tamhankar
1949,Saif Ali Khan
1950,Sailesh Konchady
1951,Sajal Ali
1952,Sajid
1953,Sajid Ali
1954,Sajid Khan
1955,Sajid Nadiadwala
1956,Saket Chaudhary
1957,Sakshi Gulati
1958,Sakshi Shivanand
1959,Sakshi Singh
1960,Sakshi Tanwar
1961,Salil Ankola
1962,Salim Diwan
1963,Salim Khan
1964,Salman Khan
1965,Salman Shahid
1966,Salman Yusuff Khan
1967,Saloni Aswani
1968,Saloni Batra
1969,Sam Nagar
1970,Samar Iqbal
1971,Samar Khan
1972,Samarjit Dasgupta
1973,Samarth Chaturvedi
1974,Sameer Dharmadhikari
1975,Sameer Khan
1976,Sameer Kochhar
1977,Sameer Sharma
1978,Sameer Sippy
1979,Sameera Reddy
1980,Samiksha Bhatt
1981,Samir Aftab
1982,Samir Karnik
1983,Samir Soni
1984,Samir Tewari
1985,Sammir Dattani
1986,Samonica Shrivastava
1987,Sampat Pal Devi
1988,Samruddhi Menge
1989,Sana
1990,Sana Khaan
1991,Sana Oberoi
1992,Sanamjit Singh Talwar
1993,Sanaya Irani
1994,Sandali Sinha
1995,Sandeep A. Varma
1996,Sandeep Anand
1997,Sandeep Aurora
1998,Sandeep Bedi
1999,Sandeep Bharadwaj
2000,Sandeep Reddy Vanga
2001,Sandeepa Dhar
2002,Sandhya Mridul
2003,Sangeeth Sivan
2004,Sanghamitra Chaudhuri
2005,Sanjana Sanghi
2006,Sanjay Amar
2007,Sanjay Chhel
2008,Sanjay Dutt
2009,Sanjay F. Gupta
2010,Sanjay Gadhvi
2011,Sanjay Gupta
2012,Sanjay Kapoor
2013,Sanjay Leela Bhansali
2014,Sanjay M. Khanduri
2015,Sanjay Mishra
2016,Sanjay Patel
2017,Sanjay Puran Singh Chauhan
2018,Sanjay Sharma
2019,Sanjay Singh
2020,Sanjay Suri
2021,Sanjeev Giriwer
2022,Sanjeev Reddy
2023,Sanjeev Sharma
2024,Sanjiv Jaiswal
2025,Sanjivan Lal
2026,Sanjoy Nag
2027,Sankalp Reddy
2028,Sanket Dhawan
2029,Santosh Barmola
2030,Santram Varma
2031,Sanya Malhotra
2032,Sanyukta Timsina
2033,Sapan Krishna
2034,Sapna Sappu
2035,Sapna Thakur
2036,Saqib Saleem
2037,Sara Ali Khan
2038,Sara Khan
2039,Sara Loren
2040,Sarabjeet Bindra
2041,Sarah Jane Dias
2042,Saranya Mohan
2043,Sareh Far
2044,Sarika
2045,Sarita Joshi
2046,Saroj Bhagwar
2047,Saroj Bhargava
2048,Sartaj Singh Pannu
2049,Sarthak Bhasin
2050,Sarvar Ahuja
2051,Sasha Aagha
2052,Sashi Kumar
2053,Saswata Chatterjee
2054,Satchit Puranik
2055,Sathyaraj
2056,Satish Kaushik
2057,Satish Rajwade
2058,Satish Shah
2059,Satnam Kaur
2060,Sattwik Mohanty
2061,Satwant Kaur
2062,Satya Prakash
2063,Satyajeet Dubey
2064,Satyajit Bhatkal
2065,Satyananad Gaitonde
2066,Saurab Narang
2067,Saurabh Choudhary
2068,Saurabh Dubey
2069,Saurabh Malik
2070,Saurabh Sengupta
2071,Saurabh Shukla
2072,Saurabh Varma
2073,Saurav Chakraborty
2074,Sayaji Shinde
2075,Sayali Bhagat
2076,Sayani Gupta
2077,Sayoni Mishra
2078,Seema Bhargava
2079,Seema Biswas
2080,Sendhil Ramamurthy
2081,Shaad Ali
2082,Shaad Randhawa
2083,Shabana Azmi
2084,Shabana Raza
2085,Shadaab Mirza
2086,Shadab Kamal
2087,Shadab Khan
2088,Shah Rukh Khan
2089,Shahab Shamsi
2090,Shahana Goswami
2091,Shahbaaz Khan
2092,Shahib Chopra
2093,Shahid Kapoor
2094,Shailendra Gaur
2095,Shailesh Verma
2096,Shakeel Noorani
2097,Shakir Khan
2098,Shakti Anand
2099,Shakti Arora
2100,Shakti Kapoor
2101,Shakun Batra
2102,Shaleen Bhanot
2103,Shama Deshpande
2104,Shamim Khan
2105,Shamin Desai
2106,Shamita Shetty
2107,Shammi Chhabra
2108,Shammi Kapoor
2109,Shankar Mondal
2110,Shanker Raman
2111,Shankhadeep
2112,Shantanu Anant Tambe
2113,Sharad Kelkar
2114,Sharad S. Kapoor
2115,Sharad Sharan
2116,Sharat Katariya
2117,Sharat Saxena
2118,Sharbani Mukherjee
2119,Sharbani Mukherji
2120,Sharib Hashmi
2121,Sharique Minhaj
2122,Sharman Joshi
2123,Sharmila Tagore
2124,Sharmin Segal
2125,Sharvani Suryavanshi
2126,Sharwanand
2127,Shashank Arora
2128,Shashank Khaitan
2129,Shashank Singh
2130,Shashank Udapurkar
2131,Shashanka Ghosh
2132,Shashant Shah
2133,Shashi Ranjan
2134,Shashi Wadia
2135,Shashilal K. Nair
2136,Shatakshi Gupta
2137,Shatrughan Sinha
2138,Shaurya Chauhan
2139,Shaurya Singh
2140,Shawar Ali
2141,Shawn Arranha
2142,Shayan Munshi
2143,Sheeba Bhakri
2144,Sheeba Chaddha
2145,Sheen
2146,Sheena Chohan
2147,Sheet Chhabra
2148,Sheetal Dimri
2149,Sheetal Menon
2150,Shefali Bhushan
2151,Shefali Shah
2152,Shehzad Khan
2153,Shekhar Ghosh
2154,Shekhar S. Jha
2155,Shekhar Sirrinn
2156,Shekhar Suman
2157,Shelly Chopra Dhar
2158,Shenaz Treasury
2159,Sherlyn Chopra
2160,Shernaz Patel
2161,Sherrin Varghese
2162,Shibu Mitra
2163,Shikhi Gupta
2164,Shiladitya Sen
2165,Shilpa Anand
2166,Shilpa Shetty Kundra
2167,Shilpa Shukla
2168,Shilpa Tulaskar
2169,Shilpi Dasgupta
2170,Shimit Amin
2171,Shiney Ahuja
2172,Shinjan Neogi
2173,Shiraz Henry
2174,Shirish Kunder
2175,Shiv Darshan
2176,Shiv Dube
2177,Shiv Panditt
2178,Shivaani Ghai
2179,Shivaji Lotan Patil
2180,Shivaji Satam
2181,Shivam Bhaargava
2182,Shivam Nair
2183,Shivam Patil
2184,Shivam Tiwari
2185,Shivani Raghuvanshi
2186,Shivani Tanksale
2187,Shivram Yadav
2188,Shlok Sharma
2189,Shobana
2190,Shoib Khan
2191,Shoib Shah
2192,Shoma Anand
2193,Shona Urvashi
2194,Shonali Bose
2195,Shoojit Sircar
2196,Shrabani Deodhar
2197,Shraddha Das
2198,Shraddha Kapoor
2199,Shrashti Maheshwari
2200,Shray Rai Tiwari
2201,Shree Narayan Singh
2202,Shrey Srivastava
2203,Shreya Chaudhary
2204,Shreya Dhanwanthary
2205,Shreya Ghoshal
2206,Shreyas Talpade
2207,Shri Vallabh Vyas
2208,Shripal Morakhia
2209,Shriya Pilgaonkar
2210,Shriya Saran
2211,Shriya Sharma
2212,Shruti Haasan
2213,Shubh Mukherjee
2214,Shubham
2215,Shubham Bhartiya
2216,Shubham Chintamani
2217,Shubham Tukaram
2218,Shubhi Ahuja
2219,Shuja Ali
2220,Shujaat Saudagar
2221,Shukla Barnali Ray
2222,Shweta Basu Prasad
2223,Shweta Bhardwaj
2224,Shweta Kumar
2225,Shweta Menon
2226,Shweta Tripathi
2227,Shyam Benegal
2228,Shyam Ramsay
2229,Shyam Sonie
2230,Sid Makkar
2231,Siddhant Kapoor
2232,Siddharth
2233,Siddharth Anand
2234,Siddharth Anand Kumar
2235,Siddharth Bhardwaj
2236,Siddharth Chandekar
2237,Siddharth Dhawan
2238,Siddharth Gupta
2239,Siddharth Malhotra
2240,Siddique
2241,Sidhant Gupta
2242,Sidharth Malhotra
2243,Sidharth Srinivasan
2244,Sikandar Agarwal
2245,Sikandar Kher
2246,Sikander Bharti
2247,Simer Motiani
2248,Simran Kaur Mundi
2249,Simran Sharma
2250,Singeetam Srinivasa Rao
2251,Sisir. P. Mishra
2252,Smeep Kang
2253,Smita Gondkar
2254,Smita Jaykar
2255,Smita Tambe
2256,Smriti Mishra
2257,Sneha Arun
2258,Sneha Ullal
2259,Snehal Dabi
2260,Snighdadeep Chatterji
2261,Soha Ali Khan
2262,Sohail Khan
2263,Sohail Tatari
2264,Soham Shah
2265,Sohrab Ardeshir
2266,Sohum Shah
2267,Somesh Agarwal
2268,Sonakshi Sinha
2269,Sonal Giani
2270,Sonal Sehgal
2271,Sonal Singh
2272,Sonali Bendre
2273,Sonali Khare
2274,Sonali Kulkarni
2275,Sonam Arora
2276,Sonam Bajwa
2277,Sonam Kapoor
2278,Sonam Nair
2279,Sonia Albizuri
2280,Sonika Kapoor
2281,Sonnalli Seygall
2282,Sonu Sood
2283,Sonya Jehan
2284,Sooraj Pancholi
2285,Sooraj R. Barjatya
2286,Sophia Singh
2287,Soumik Sen
2288,Soumitra Ranade
2289,Soundarya Sharma
2290,Sourabh Shrivastava
2291,Sridevi
2292,Sridhar Rangayan
2293,Srijit Mukherji
2294,Srikanth Velagaleti
2295,Srinivas Bhashyam
2296,Sriram Raghavan
2297,Srivinay Salian
2298,Stuti Dwivedi
2299,Subhash Ghai
2300,Subhash Kapoor
2301,Subhash Sehgal
2302,Subrat Dutta
2303,Subroto Paul
2304,Sucheta Paushe
2305,Suchindra Bali
2306,Suchitra Krishnamoorthi
2307,Suchitra Pillai
2308,Sudeep
2309,Sudesh Berry
2310,Sudev Nair
2311,Sudha Chandran
2312,Sudha Kongara
2313,Sudheer Babu Posani
2314,Sudhir Dalvi
2315,Sudhir Durlabh Tandel
2316,Sudhir Mishra
2317,Sudhish Kumar Sharma
2318,Sudip Bandyopadhyay
2319,Sudipto Chattopadhyay
2320,Sugandha Garg
2321,Suhaas Ahuja
2322,Suhas Kadav
2323,Sujeet Chaubey
2324,Sujoy Ghosh
2325,Sukhmani Lamba
2326,Sukumar Nair
2327,Sulabha Arya
2328,Suman Ranganath
2329,Sumbul Gazi
2330,Sumeer Sabharwal
2331,Sumeet Raghvan
2332,Sumeet Vyas
2333,Sumit Arora
2334,Sumit Kaul
2335,Sumit Nijhawan
2336,Sumitra Bhave
2337,Sunaina Bhatnagar
2338,Sunanda Mitra
2339,Suneel Darshan
2340,Suneeta Sengupta
2341,Sunhil Sippy
2342,Sunidhi Chauhan
2343,Sunil Agnihotri
2344,Sunil Dhawan
2345,Sunil Grover
2346,Sunil Kumar Agrawal
2347,Sunil Prem Vyas
2348,Sunil Sanjan
2349,Sunil Shetty
2350,Sunil Singh
2351,Sunil Subramani
2352,Sunil Sukthankar
2353,Sunil Thapa
2354,Sunny Deol
2355,Sunny Gill
2356,Sunny Hinduja
2357,Sunny Leone
2358,Sunny Singh
2359,Sunny Singh Nijjar
2360,Suparn Varma
2361,Suparna Moitra
2362,Supavitra Babul
2363,Supriya Karnik
2364,Supriya Pathak
2365,Suraj Sharma
2366,Suresh Chatwal
2367,Suresh Krishna
2368,Suresh Triveni
2369,Suruchi Aulakh
2370,Surveen Chawla
2371,Sushama Deshpande
2372,Sushant Singh
2373,Sushant Singh Rajput
2374,Sushen Bhatnagar
2375,Sushil Rajpal
2376,Sushma Seth
2377,Sushmita Sen
2378,Susi Ganesan
2379,Suumeet Darshan
2380,Suvahhdan Angre
2381,Suvinder Vicky
2382,Suzad Iqbal Khan
2383,Suzanna Mukherjee
2384,Suzanne Bernert
2385,Svar Kamble
2386,Swanand Kirkire
2387,Swapna Joshi
2388,Swara Bhaskar
2389,Swati
2390,Swati Kapoor
2391,Swati Sen
2392,Sweety Chhabra
2393,Swini Khara
2394,Syed Ahmad Afzal
2395,Syed Noor
2396,Sylvester Stallone
2397,T.L.V. Prasad
2398,Taapsee Pannu
2399,Tabrez Hashmi
2400,Tabrez Noorani
2401,Tabu
2402,Taha Shah Badussha
2403,Tahir Raj Bhasin
2404,Tahira Kochhar
2405,Talat Aziz
2406,Talat Jani
2407,Talha Arshad Reshi
2408,Tamannaah Bhatia
2409,Tamás Tóth
2410,Tanaaz Currim Irani
2411,Tanishaa Mukerji
2412,Tanmay Bhat
2413,Tannishtha Chatterjee
2414,Tanu Bhardwaj
2415,Tanuj Bhramar
2416,Tanuj Virwani
2417,Tanuja
2418,Tanuja Chandra
2419,Tanushree Dutta
2420,Tanushri Chattrji Bassu
2421,Tanveer Khan
2422,Tanveer Zaidi
2423,Tanvi Azmi
2424,Tanvi Jain
2425,Tanvir Ahmad
2426,Tapan Sinha
2427,Tara Deshpande
2428,Tara Sharma
2429,Tara Sutaria
2430,Tara-Alisha Berry
2431,Tarina Patel
2432,Tariq Khan
2433,Tarun Anand
2434,Tarun Arora
2435,Tarun Dhakad
2436,Tarun Khanna
2437,Tarun Madan Chopra
2438,Teja
2439,Tejaswini Kolhapure
2440,Thampi Kannanthanam
2441,Thomas Tevana
2442,Tia Bajpai
2443,Tiger Shroff
2444,Tigmanshu Dhulia
2445,Tillotama Shome
2446,Tina Desai
2447,Tina Mazumdar
2448,Tina Rana
2449,Tinnu Anand
2450,Tinnu Verma
2451,Tisca Chopra
2452,Toby Stephens
2453,Tom Alter
2454,Tom Wyner
2455,Tota Roy Chowdhury
2456,Trimala Adhikari
2457,Tripta Chopra
2458,Tripti Dimri
2459,Trisha Krishnan
2460,Tulip Joshi
2461,Tulna Butalia
2462,Tushar Acharya
2463,Tushar Barmaiya
2464,Tushar Dalvi
2465,Tushar Hiranandani
2466,Tushar Jalota
2467,Tusshar Kapoor
2468,Twinkle Khanna
2469,Uday Chopra
2470,Uday Tikekar
2471,Udit Khurana
2472,Udita Goswami
2473,Ujjwal Chatterjee
2474,Ujjwal Chopra
2475,Ujjwal Singh
2476,Umesh Bist
2477,Umesh Ghadge
2478,Umesh Mehra
2479,Umesh Shukla
2480,Upen Patel
2481,Upendra Limaye
2482,Uplaksh Kochhar
2483,Urmila Mahanta
2484,Urmila Matondkar
2485,Urvashi Chaudhary
2486,Urvashi Rautela
2487,Usha Jadhav
2488,Usman Rao
2489,Utkarsh Sharma
2490,Utpal Chaudhary
2491,V. Ravichandran
2492,V.G. Samant
2493,V.K. Choudhary
2494,V.K. Prakash
2495,V.K. Singh
2496,Vaani Kapoor
2497,Vaibhav Jhalani
2498,Vaibhav Misra
2499,Vaishnavi Dhanraj
2500,Vaishnavi Patwardhan
2501,Varun Badola
2502,Varun Bhagwat
2503,Varun Dhawan
2504,Varun Middha
2505,Varun Mitra
2506,Varun Sharma
2507,Vasan Bala
2508,Vasundhara Das
2509,Vats Amit
2510,Vatsal Sheth
2511,Ved Rahi
2512,Vedant Bali
2513,Veena Kapoor
2514,Veena Malik
2515,Veerendra Chauhan
2516,Vega Tamotia
2517,Vibha Chhibber
2518,Vibha Tyagi
2519,Vibhu Puri
2520,Vickrant Mahajan
2521,Vicky Ahuja
2522,Vicky Kaushal
2523,Vicky Ranawat
2524,Victor Banerjee
2525,Vidhi Kasliwal
2526,Vidhu Vinod Chopra
2527,Vidya Balan
2528,Vidya Malvade
2529,Vidyut Jammwal
2530,Vijay Adhav
2531,Vijay Bhatotiya
2532,Vijay K. Bhaskar
2533,Vijay Kondke
2534,Vijay Krishna Acharya
2535,Vijay Kumar
2536,Vijay Lalwani
2537,Vijay Maurya
2538,Vijay Pal
2539,Vijay Raaz
2540,Vijay Ratnakar Gutte
2541,Vijay Sadanah
2542,Vijay Varma
2543,Vijayant Kohli
2544,Vikaas Kalantari
2545,Vikas Anand
2546,Vikas Bahl
2547,Vikas Bhalla
2548,Vikas Giri
2549,Vikas Kalantri
2550,Vikas Kumar
2551,Vikas Sethi
2552,Vikas Shukla
2553,Vikram
2554,Vikram Bhatt
2555,Vikram Dahiya
2556,Vikram Gokhale
2557,Vikram Pradhan
2558,Vikram Singh
2559,Vikram Veturi
2560,Vikramaditya Motwane
2561,Vikramjit Singh
2562,Vikrant Massey
2563,Vikrum Kumar
2564,Vimal Kumar
2565,Vimala Raman
2566,Vinay Anand
2567,Vinay Apte
2568,Vinay Forrt
2569,Vinay Jain
2570,Vinay Pathak
2571,Vinay Sapru
2572,Vinay Shukla
2573,Vinay Virmani
2574,Vineet Khetrapal
2575,Vineeta Malik
2576,Vinil Mathew
2577,Vinnil Markan
2578,Vinod Acharya
2579,Vinod Jaywant
2580,Vinod Khanna
2581,Vinod Nagpal
2582,Vinod Pande
2583,Vipasha Agarwal
2584,Vipin Sharma
2585,Vipul Amrutlal Shah
2586,Vipul Gupta
2587,Vir Das
2588,Vira Sathidar
2589,Viraj
2590,Virendra Giri
2591,Virti Vaghani
2592,Vishal Agarwala
2593,Vishal Aryan Singh
2594,Vishal Bhardwaj
2595,Vishal Bhonsle
2596,Vishal Chaturvedi
2597,Vishal Karwal
2598,Vishal Mahadkar
2599,Vishal Malhotra
2600,Vishal Mishra
2601,Vishal Pandya
2602,Vishesh Bansal
2603,Vishesh Bhatt
2604,Vishram Sawant
2605,Vishwas Paandya
2606,Vishwas Patil
2607,Visshesh Tiwari
2608,Vivaan Bhimani
2609,Vivaan Shah
2610,Vivan Bhatena
2611,Vivek Agnihotri
2612,Vivek b Agrawal
2613,Vivek Gomber
2614,Vivek Jha
2615,Vivek Madan
2616,Vivek Oberoi
2617,Vivek Sharma
2618,Vivek Shauq
2619,Vivek Sudershan
2620,Viveka Babajee
2621,Vrajesh Hirjee
2622,Vrajmohan Pathak
2623,Vrunda Gajendra
2624,Waheeda Rehman
2625,Wamiqa Gabbi
2626,Wasim Khan
2627,Willard Carroll
2628,William Hunt
2629,Willy
2630,Wilson Louis
2631,Yami Gautam
2632,Yana Gupta
2633,Yash Chopra
2634,Yash Dave
2635,Yash Eshawari
2636,Yash Gawli
2637,Yash Pandit
2638,Yash Soni
2639,Yash Tonk
2640,Yashpal Sharma
2641,Yeshi Dema
2642,Yogendra Tiku
2643,Yogesh Bharadwaj
2644,Yogesh Ishwar
2645,Yogesh Mittal
2646,Yogesh Raj Mishra
2647,Yogesh Shah
2648,Yogesh Vats
2649,Yudhveer Bakoliya
2650,Yûgô Sakô
2651,Yuvika Chaudhary
2652,Yuvraaj Parashar
2653,Yuvraj Haral
2654,Zaheer Iqbal
2655,Zaid Ali Khan
2656,Zain Khan Durrani
2657,Zaira Wasim
2658,Zakir Husain
2659,Zakir Hussain
2660,Zala Akash
2661,Zareen Khan
2662,Zarina Wahab
2663,Zayed Khan
2664,Zeenat Aman
2665,Zeishan Quadri
2666,Zenobia Shroff
2667,Zoa Morani
2668,Zoya Afroz
2669,Zoya Akhtar
2670,Zoya Hussain
2671,Zulfi Sayed
2672,Zunaid Memon